{"cameraMode":{"drawMode":0,"name":"Shaded","section":"Shading Mode"},"sceneLighting":true,"audioPlay":false,"sceneViewState":{"showFog":true,"showMaterialUpdate":true,"showSkybox":true,"showFlares":true,"showImageEffects":true,"showParticleSystems":true},"in2DMode":false,"pivot":{"x":-2.545839548110962,"y":-0.8226834535598755,"z":-12.719927787780762},"rotation":{"x":-0.004951024893671274,"y":0.9944925904273987,"z":-0.05556162819266319,"w":-0.08912850171327591},"size":6.603317737579346,"orthographic":false}