{"cameraMode":{"drawMode":0,"name":"Shaded","section":"Shading Mode"},"sceneLighting":true,"audioPlay":false,"sceneViewState":{"showFog":true,"showMaterialUpdate":true,"showSkybox":true,"showFlares":true,"showImageEffects":true,"showParticleSystems":true},"in2DMode":false,"pivot":{"x":-9.961234092712403,"y":-50.883060455322269,"z":46.59577560424805},"rotation":{"x":-0.46893200278282168,"y":-0.06107940152287483,"z":0.032579757273197177,"w":-0.8806251287460327},"size":95.48465728759766,"orthographic":false}