{"cameraMode":{"drawMode":0,"name":"Shaded","section":"Shading Mode"},"sceneLighting":true,"audioPlay":false,"sceneViewState":{"showFog":true,"showMaterialUpdate":true,"showSkybox":true,"showFlares":true,"showImageEffects":true,"showParticleSystems":true},"in2DMode":false,"pivot":{"x":16.807344436645509,"y":0.800000011920929,"z":9.964975357055664},"rotation":{"x":-0.26840081810951235,"y":-0.026259899139404298,"z":0.007364671677350998,"w":-0.9630193710327148},"size":1.0048922300338746,"orthographic":false}