{"cameraMode":{"drawMode":0,"name":"Shaded","section":"Shading Mode"},"sceneLighting":true,"audioPlay":false,"sceneViewState":{"showFog":true,"showMaterialUpdate":true,"showSkybox":true,"showFlares":true,"showImageEffects":true,"showParticleSystems":true},"in2DMode":false,"pivot":{"x":-7.678336143493652,"y":-5.40123176574707,"z":13.365882873535157},"rotation":{"x":-0.34238961338996889,"y":0.04169673100113869,"z":-0.015255594626069069,"w":-0.9385432600975037},"size":14.80024528503418,"orthographic":false}