{"cameraMode":{"drawMode":0,"name":"Shaded","section":"Shading Mode"},"sceneLighting":true,"audioPlay":false,"sceneViewState":{"showFog":true,"showMaterialUpdate":true,"showSkybox":true,"showFlares":true,"showImageEffects":true,"showParticleSystems":true},"in2DMode":false,"pivot":{"x":-3.6403303146362306,"y":2.0125036239624025,"z":1.01285719871521},"rotation":{"x":-0.6970481276512146,"y":-0.010098729282617569,"z":0.009813906624913216,"w":-0.7169700860977173},"size":2.804997444152832,"orthographic":false}