{"cameraMode":{"drawMode":0,"name":"Shaded","section":"Shading Mode"},"sceneLighting":false,"audioPlay":false,"sceneViewState":{"showFog":true,"showMaterialUpdate":true,"showSkybox":false,"showFlares":true,"showImageEffects":true,"showParticleSystems":true},"in2DMode":false,"pivot":{"x":4.8291335105896,"y":2.9198737144470217,"z":-0.2988168001174927},"rotation":{"x":-0.22633756697177888,"y":-0.002040328225120902,"z":0.000435823283623904,"w":-0.974080502986908},"size":4.077072620391846,"orthographic":false}