{"cameraMode":{"drawMode":0,"name":"Shaded","section":"Shading Mode"},"sceneLighting":true,"audioPlay":false,"sceneViewState":{"showFog":true,"showMaterialUpdate":true,"showSkybox":true,"showFlares":true,"showImageEffects":true,"showParticleSystems":true},"in2DMode":false,"pivot":{"x":-0.53460294008255,"y":0.6513229608535767,"z":5.531774520874023},"rotation":{"x":0.00564662367105484,"y":-0.9941607713699341,"z":0.06602112948894501,"w":0.08550110459327698},"size":1.5377075672149659,"orthographic":false}