{"cameraMode":{"drawMode":0,"name":"Shaded","section":"Shading Mode"},"sceneLighting":true,"audioPlay":false,"sceneViewState":{"showFog":true,"showMaterialUpdate":true,"showSkybox":true,"showFlares":true,"showImageEffects":true,"showParticleSystems":true},"in2DMode":false,"pivot":{"x":24.259950637817384,"y":-474.4710693359375,"z":264.0530700683594},"rotation":{"x":-0.5730201601982117,"y":-0.09896339476108551,"z":0.06995800882577896,"w":-0.8106638789176941},"size":391.51580810546877,"orthographic":false}