{"cameraMode":{"drawMode":0,"name":"Shaded","section":"Shading Mode"},"sceneLighting":true,"audioPlay":false,"sceneViewState":{"showFog":true,"showMaterialUpdate":true,"showSkybox":true,"showFlares":true,"showImageEffects":true,"showParticleSystems":true},"in2DMode":false,"pivot":{"x":-0.30366337299346926,"y":8.06290054321289,"z":8.421134948730469},"rotation":{"x":0.003962958697229624,"y":-0.9900832772254944,"z":0.13781750202178956,"w":0.028508208692073823},"size":3.179980516433716,"orthographic":false}