{"cameraMode":{"drawMode":0,"name":"Shaded","section":"Shading Mode"},"sceneLighting":true,"audioPlay":false,"sceneViewState":{"showFog":true,"showMaterialUpdate":true,"showSkybox":true,"showFlares":true,"showImageEffects":true,"showParticleSystems":true},"in2DMode":false,"pivot":{"x":-2.4067108631134035,"y":4.602407455444336,"z":-5.791145324707031},"rotation":{"x":0.011639357544481755,"y":0.9842658638954163,"z":0.0706801787018776,"w":-0.16174720227718354},"size":8.349420547485352,"orthographic":false}