{"cameraMode":{"drawMode":0,"name":"Shaded","section":"Shading Mode"},"sceneLighting":true,"audioPlay":false,"sceneViewState":{"showFog":true,"showMaterialUpdate":true,"showSkybox":true,"showFlares":true,"showImageEffects":true,"showParticleSystems":true},"in2DMode":false,"pivot":{"x":-3.424771547317505,"y":-9.039149284362793,"z":0.1693226397037506},"rotation":{"x":-0.6851453185081482,"y":-0.006984835956245661,"z":0.006558195687830448,"w":-0.7283975481987},"size":18.685134887695314,"orthographic":false}