{"cameraMode":{"drawMode":0,"name":"Shaded","section":"Shading Mode"},"sceneLighting":true,"audioPlay":false,"sceneViewState":{"showFog":true,"showMaterialUpdate":true,"showSkybox":true,"showFlares":true,"showImageEffects":true,"showParticleSystems":true},"in2DMode":false,"pivot":{"x":-2.2041208744049074,"y":24.22713851928711,"z":4.824991226196289},"rotation":{"x":0.03409477323293686,"y":-0.7456843852996826,"z":0.6643903851509094,"w":0.03828319162130356},"size":6.222001075744629,"orthographic":false}