{"cameraMode":{"drawMode":0,"name":"Shaded","section":"Shading Mode"},"sceneLighting":true,"audioPlay":false,"sceneViewState":{"showFog":true,"showMaterialUpdate":true,"showSkybox":true,"showFlares":true,"showImageEffects":true,"showParticleSystems":true},"in2DMode":false,"pivot":{"x":-9.807472229003907,"y":-504.5811767578125,"z":138.54364013671876},"rotation":{"x":-0.6619521975517273,"y":-0.07489720731973648,"z":0.06674407422542572,"w":-0.7429472208023071},"size":297.00897216796877,"orthographic":false}