{"cameraMode":{"drawMode":0,"name":"Shaded","section":"Shading Mode"},"sceneLighting":true,"audioPlay":false,"sceneViewState":{"showFog":true,"showMaterialUpdate":true,"showSkybox":true,"showFlares":true,"showImageEffects":true,"showParticleSystems":true},"in2DMode":false,"pivot":{"x":2.156548023223877,"y":2.857372760772705,"z":7.332252502441406},"rotation":{"x":-0.005788502749055624,"y":0.9923087358474731,"z":-0.05096076428890228,"w":-0.11299177259206772},"size":9.12024974822998,"orthographic":false}