{"cameraMode":{"drawMode":0,"name":"Shaded","section":"Shading Mode"},"sceneLighting":true,"audioPlay":false,"sceneViewState":{"showFog":true,"showMaterialUpdate":true,"showSkybox":true,"showFlares":true,"showImageEffects":true,"showParticleSystems":true},"in2DMode":false,"pivot":{"x":-0.5101653337478638,"y":12.644941329956055,"z":66.46662139892578},"rotation":{"x":-0.1368299126625061,"y":-0.12211187183856964,"z":0.01697041466832161,"w":-0.9829549193382263},"size":7.428357124328613,"orthographic":false}