{"cameraMode":{"drawMode":0,"name":"Shaded","section":"Shading Mode"},"sceneLighting":true,"audioPlay":false,"sceneViewState":{"showFog":true,"showMaterialUpdate":true,"showSkybox":true,"showFlares":true,"showImageEffects":true,"showParticleSystems":true},"in2DMode":false,"pivot":{"x":1.3422155380249024,"y":-9.145824432373047,"z":-1.66519033908844},"rotation":{"x":-0.6851453185081482,"y":-0.006984835956245661,"z":0.006558195687830448,"w":-0.7283975481987},"size":13.224722862243653,"orthographic":false}