{"cameraMode":{"drawMode":0,"name":"Shaded","section":"Shading Mode"},"sceneLighting":true,"audioPlay":false,"sceneViewState":{"showFog":true,"showMaterialUpdate":true,"showSkybox":true,"showFlares":true,"showImageEffects":true,"showParticleSystems":true},"in2DMode":false,"pivot":{"x":19.6165771484375,"y":1.7000000476837159,"z":30.57895851135254},"rotation":{"x":-0.23004096746444703,"y":-0.28847894072532656,"z":0.07164771109819412,"w":-0.9267789125442505},"size":52.1006965637207,"orthographic":false}