{"cameraMode":{"drawMode":0,"name":"Shaded","section":"Shading Mode"},"sceneLighting":true,"audioPlay":false,"sceneViewState":{"showFog":true,"showMaterialUpdate":true,"showSkybox":true,"showFlares":true,"showImageEffects":true,"showParticleSystems":true},"in2DMode":false,"pivot":{"x":319.4656066894531,"y":-186.83505249023438,"z":-324.0787658691406},"rotation":{"x":-0.4424040913581848,"y":-0.16403618454933167,"z":0.08279398828744888,"w":-0.8779031038284302},"size":477.1805114746094,"orthographic":false}